Date,borough_NM,borough_CD,retail_and_recreation_percent_change_from_baseline,grocery_and_pharmacy_percent_change_from_baseline,parks_percent_change_from_baseline,transit_stations_percent_change_from_baseline,workplaces_percent_change_from_baseline,residential_percent_change_from_baseline
31/10/2020,City of London,E09000001,-63,-37,-71,-58,NA,NA
31/10/2020,Westminster,E09000033,-63,-37,-63,-60,-21,9
31/10/2020,Barking and Dagenham,E09000002,-26,-9,-2,-27,-16,6
31/10/2020,Barnet,E09000003,-29,-8,-11,-39,-18,8
31/10/2020,Bexley,E09000004,-36,-6,-14,-42,-9,7
31/10/2020,Brent,E09000005,-30,-10,14,-35,-19,8
31/10/2020,Bromley,E09000006,-33,-3,-16,-40,-2,8
31/10/2020,Camden,E09000007,-58,-34,-29,-59,-15,9
31/10/2020,Croydon,E09000008,-35,-5,11,-42,-10,7
31/10/2020,Ealing,E09000009,-29,-9,-1,-40,-17,8
31/10/2020,Enfield,E09000010,-27,-8,-12,-36,-12,8
31/10/2020,Hackney,E09000012,-45,-12,-4,-42,-17,7
31/10/2020,Hammersmith and Fulham,E09000013,-50,-22,-10,-47,-22,9
31/10/2020,Haringey,E09000014,-34,-17,-23,-42,-23,8
31/10/2020,Harrow,E09000015,-34,-6,17,-35,-9,8
31/10/2020,Havering,E09000016,-32,-7,-16,-32,-10,7
31/10/2020,Hillingdon,E09000017,-34,-8,16,-60,-10,8
31/10/2020,Hounslow,E09000018,-31,-5,-19,-34,-16,8
31/10/2020,Islington,E09000019,-54,-11,-8,-44,-15,8
31/10/2020,Lambeth,E09000022,-42,-11,-20,-40,-10,8
31/10/2020,Lewisham,E09000023,-29,-5,4,-37,-16,8
31/10/2020,Merton,E09000024,-36,-12,-3,-43,-16,8
31/10/2020,Newham,E09000025,-42,-13,39,-41,-20,7
31/10/2020,Redbridge,E09000026,-31,-12,-39,-40,-15,8
31/10/2020,Richmond upon Thames,E09000027,-37,-6,-21,-46,-15,9
31/10/2020,Southwark,E09000028,-45,-17,-25,-46,-14,7
31/10/2020,Sutton,E09000029,-33,-11,-8,-46,-17,8
31/10/2020,Tower Hamlets,E09000030,-39,-17,-44,-49,-16,8
31/10/2020,Waltham Forest,E09000031,-28,-6,-19,-41,-20,7
31/10/2020,Wandsworth,E09000032,-41,-13,-1,-40,-10,8
31/10/2020,Greenwich,E09000011,-37,-10,-34,-35,-18,8
31/10/2020,Kensington and Chelsea,E09000020,-52,-16,-39,-64,-17,8
31/10/2020,Kingston upon Thames,E09000021,-36,-14,22,-39,-10,9
01/11/2020,City of London,E09000001,-58,-39,-67,-62,NA,NA
01/11/2020,Westminster,E09000033,-54,-33,-59,-58,-23,6
01/11/2020,Barking and Dagenham,E09000002,-22,-9,16,-25,-16,4
01/11/2020,Barnet,E09000003,-22,-11,4,-37,-15,5
01/11/2020,Bexley,E09000004,-26,-14,9,-33,-9,5
01/11/2020,Brent,E09000005,-23,-6,13,-31,-17,5
01/11/2020,Bromley,E09000006,-20,-10,-1,-34,4,5
01/11/2020,Camden,E09000007,-51,-33,-11,-58,-14,5
01/11/2020,Croydon,E09000008,-24,-9,4,-39,-6,5
01/11/2020,Ealing,E09000009,-19,-5,-3,-36,-15,5
01/11/2020,Enfield,E09000010,-24,-8,-3,-29,-11,5
01/11/2020,Hackney,E09000012,-35,-15,10,-37,-12,5
01/11/2020,Hammersmith and Fulham,E09000013,-42,-27,-2,-43,-20,5
01/11/2020,Haringey,E09000014,-23,-17,-10,-32,-24,5
01/11/2020,Harrow,E09000015,-23,-8,17,-27,-5,5
01/11/2020,Havering,E09000016,-20,-2,10,-26,-5,5
01/11/2020,Hillingdon,E09000017,-26,-9,47,-57,-10,5
01/11/2020,Hounslow,E09000018,-18,-6,-5,-28,-17,5
01/11/2020,Islington,E09000019,-45,-18,8,-44,-14,4
01/11/2020,Lambeth,E09000022,-35,-14,-3,-37,-6,5
01/11/2020,Lewisham,E09000023,-22,-8,20,-31,-13,5
01/11/2020,Merton,E09000024,-26,-18,-2,-41,-12,5
01/11/2020,Newham,E09000025,-28,-10,61,-34,-17,4
01/11/2020,Redbridge,E09000026,-22,-9,-21,-28,-12,5
01/11/2020,Richmond upon Thames,E09000027,-29,-10,5,-42,-17,5
01/11/2020,Southwark,E09000028,-36,-14,-11,-43,-14,5
01/11/2020,Sutton,E09000029,-21,-12,4,-38,-12,5
01/11/2020,Tower Hamlets,E09000030,-35,-31,-31,-43,-14,5
01/11/2020,Waltham Forest,E09000031,-18,-7,12,-34,-18,5
01/11/2020,Wandsworth,E09000032,-29,-18,5,-40,-2,5
01/11/2020,Greenwich,E09000011,-28,-10,-15,-32,-17,5
01/11/2020,Kensington and Chelsea,E09000020,-44,-15,-26,-60,-17,5
01/11/2020,Kingston upon Thames,E09000021,-21,-16,43,-28,-11,5
02/11/2020,City of London,E09000001,-75,-64,-82,-74,-59,NA
02/11/2020,Westminster,E09000033,-57,-32,-48,-62,-56,17
02/11/2020,Barking and Dagenham,E09000002,-9,-2,23,-27,-31,8
02/11/2020,Barnet,E09000003,-12,-3,26,-39,-42,14
02/11/2020,Bexley,E09000004,-13,-1,30,-39,-42,12
02/11/2020,Brent,E09000005,-6,-1,65,-35,-38,11
02/11/2020,Bromley,E09000006,-5,2,19,-40,-45,15
02/11/2020,Camden,E09000007,-53,-35,5,-63,-56,18
02/11/2020,Croydon,E09000008,-10,2,37,-39,-35,12
02/11/2020,Ealing,E09000009,-6,-3,32,-36,-37,12
02/11/2020,Enfield,E09000010,-6,-2,23,-35,-34,11
02/11/2020,Hackney,E09000012,-26,-7,41,-45,-49,15
02/11/2020,Hammersmith and Fulham,E09000013,-36,-21,8,-41,-54,17
02/11/2020,Haringey,E09000014,-11,-11,14,-42,-46,13
02/11/2020,Harrow,E09000015,-5,0,43,-35,-37,13
02/11/2020,Havering,E09000016,-6,2,-1,-32,-36,11
02/11/2020,Hillingdon,E09000017,-17,-1,39,-60,-36,12
02/11/2020,Hounslow,E09000018,-10,-2,33,-36,-38,12
02/11/2020,Islington,E09000019,-47,-22,10,-55,-59,19
02/11/2020,Lambeth,E09000022,-29,-11,20,-55,-48,17
02/11/2020,Lewisham,E09000023,-6,0,49,-36,-49,16
02/11/2020,Merton,E09000024,-20,-9,19,-41,-45,14
02/11/2020,Newham,E09000025,-19,-2,132,-38,-40,12
02/11/2020,Redbridge,E09000026,-8,-2,1,-38,-40,12
02/11/2020,Richmond upon Thames,E09000027,-19,-3,29,-46,-54,16
02/11/2020,Southwark,E09000028,-32,-11,-8,-52,-50,16
02/11/2020,Sutton,E09000029,0,0,53,-48,-46,14
02/11/2020,Tower Hamlets,E09000030,-39,-16,-24,-56,-57,18
02/11/2020,Waltham Forest,E09000031,-4,0,27,-40,-42,13
02/11/2020,Wandsworth,E09000032,-17,-10,28,-46,-52,18
02/11/2020,Greenwich,E09000011,-8,1,7,-31,-47,13
02/11/2020,Kensington and Chelsea,E09000020,-40,-7,-18,-51,-48,15
02/11/2020,Kingston upon Thames,E09000021,-9,-10,NA,-42,-48,16
03/11/2020,City of London,E09000001,-73,-60,-76,-72,-59,NA
03/11/2020,Westminster,E09000033,-53,-33,-49,-60,-55,16
03/11/2020,Barking and Dagenham,E09000002,-8,-7,10,-26,-31,8
03/11/2020,Barnet,E09000003,-4,-6,22,-35,-41,13
03/11/2020,Bexley,E09000004,-6,1,25,-37,-40,12
03/11/2020,Brent,E09000005,-4,-4,47,-31,-37,10
03/11/2020,Bromley,E09000006,0,4,6,-38,-43,15
03/11/2020,Camden,E09000007,-51,-32,-9,-61,-55,18
03/11/2020,Croydon,E09000008,-5,3,19,-40,-36,13
03/11/2020,Ealing,E09000009,-3,-6,27,-34,-37,12
03/11/2020,Enfield,E09000010,-8,-3,9,-31,-33,10
03/11/2020,Hackney,E09000012,-22,-7,26,-41,-49,15
03/11/2020,Hammersmith and Fulham,E09000013,-30,-19,-3,-40,-52,15
03/11/2020,Haringey,E09000014,-9,-10,11,-40,-46,13
03/11/2020,Harrow,E09000015,-1,-1,34,-33,-34,13
03/11/2020,Havering,E09000016,-2,1,-9,-32,-36,11
03/11/2020,Hillingdon,E09000017,-11,-3,28,-58,-35,12
03/11/2020,Hounslow,E09000018,-8,-6,23,-34,-36,12
03/11/2020,Islington,E09000019,-42,-21,7,-56,-58,19
03/11/2020,Lambeth,E09000022,-25,-10,5,-52,-46,16
03/11/2020,Lewisham,E09000023,-5,3,39,-34,-47,15
03/11/2020,Merton,E09000024,-16,-16,17,-36,-45,14
03/11/2020,Newham,E09000025,-14,-4,122,-37,-40,11
03/11/2020,Redbridge,E09000026,-7,2,-4,-36,-41,12
03/11/2020,Richmond upon Thames,E09000027,-14,-1,22,-44,-52,17
03/11/2020,Southwark,E09000028,-30,-12,-19,-50,-49,16
03/11/2020,Sutton,E09000029,3,-4,23,-42,-45,13
03/11/2020,Tower Hamlets,E09000030,-37,-17,-28,-58,-56,18
03/11/2020,Waltham Forest,E09000031,-5,-3,8,-37,-43,12
03/11/2020,Wandsworth,E09000032,-10,-10,26,-38,-50,18
03/11/2020,Greenwich,E09000011,-6,-2,-8,-31,-46,13
03/11/2020,Kensington and Chelsea,E09000020,-35,-6,-21,-51,-48,15
03/11/2020,Kingston upon Thames,E09000021,-9,-10,NA,-38,-45,15
04/11/2020,City of London,E09000001,-70,-57,-73,-70,-58,NA
04/11/2020,Westminster,E09000033,-50,-28,-41,-58,-54,14
04/11/2020,Barking and Dagenham,E09000002,-2,3,25,-28,-28,7
04/11/2020,Barnet,E09000003,4,-4,32,-33,-39,12
04/11/2020,Bexley,E09000004,5,2,53,-30,-38,11
04/11/2020,Brent,E09000005,4,2,65,-27,-36,9
04/11/2020,Bromley,E09000006,10,3,23,-35,-41,13
04/11/2020,Camden,E09000007,-47,-32,14,-59,-52,15
04/11/2020,Croydon,E09000008,2,1,35,-37,-32,11
04/11/2020,Ealing,E09000009,10,-1,46,-31,-37,10
04/11/2020,Enfield,E09000010,-2,1,30,-29,-32,9
04/11/2020,Hackney,E09000012,-9,-1,49,-36,-46,13
04/11/2020,Hammersmith and Fulham,E09000013,-19,-13,36,-36,-51,13
04/11/2020,Haringey,E09000014,-3,-8,24,-39,-42,11
04/11/2020,Harrow,E09000015,13,2,56,-29,-34,11
04/11/2020,Havering,E09000016,7,2,12,-30,-34,10
04/11/2020,Hillingdon,E09000017,-3,-2,52,-53,-33,10
04/11/2020,Hounslow,E09000018,-1,-5,49,-29,-33,10
04/11/2020,Islington,E09000019,-38,-21,30,-51,-56,17
04/11/2020,Lambeth,E09000022,-15,-8,29,-51,-45,14
04/11/2020,Lewisham,E09000023,7,8,60,-32,-43,14
04/11/2020,Merton,E09000024,-11,-15,24,-37,-42,12
04/11/2020,Newham,E09000025,-15,-2,163,-37,-36,10
04/11/2020,Redbridge,E09000026,3,0,19,-30,-38,11
04/11/2020,Richmond upon Thames,E09000027,1,-2,52,-38,-50,14
04/11/2020,Southwark,E09000028,-22,-9,-3,-45,-48,14
04/11/2020,Sutton,E09000029,9,2,46,-42,-41,12
04/11/2020,Tower Hamlets,E09000030,-31,-16,-18,-53,-53,16
04/11/2020,Waltham Forest,E09000031,10,2,30,-36,-38,10
04/11/2020,Wandsworth,E09000032,1,-7,38,-36,-48,16
04/11/2020,Greenwich,E09000011,-1,3,9,-28,-42,11
04/11/2020,Kensington and Chelsea,E09000020,-27,-2,11,-44,-45,13
04/11/2020,Kingston upon Thames,E09000021,-2,-9,NA,-34,-42,14
05/11/2020,City of London,E09000001,-91,-74,-88,-81,-66,NA
05/11/2020,Westminster,E09000033,-86,-49,-59,-75,-63,25
05/11/2020,Barking and Dagenham,E09000002,-39,-6,27,-36,-35,13
05/11/2020,Barnet,E09000003,-49,-10,43,-50,-48,20
05/11/2020,Bexley,E09000004,-53,-12,29,-49,-46,18
05/11/2020,Brent,E09000005,-48,-8,57,-45,-44,17
05/11/2020,Bromley,E09000006,-57,-11,13,-55,-52,22
05/11/2020,Camden,E09000007,-81,-38,-12,-74,-62,26
05/11/2020,Croydon,E09000008,-55,-6,34,-52,-42,19
05/11/2020,Ealing,E09000009,-44,-9,33,-51,-45,19
05/11/2020,Enfield,E09000010,-44,-6,25,-43,-41,17
05/11/2020,Hackney,E09000012,-63,-4,36,-56,-56,22
05/11/2020,Hammersmith and Fulham,E09000013,-69,-24,0,-58,-61,24
05/11/2020,Haringey,E09000014,-50,-15,23,-51,-52,20
05/11/2020,Harrow,E09000015,-52,-12,47,-46,-42,18
05/11/2020,Havering,E09000016,-54,-12,-2,-46,-42,17
05/11/2020,Hillingdon,E09000017,-52,-10,47,-65,-41,18
05/11/2020,Hounslow,E09000018,-45,-13,17,-47,-43,17
05/11/2020,Islington,E09000019,-75,-20,18,-67,-65,28
05/11/2020,Lambeth,E09000022,-65,-15,-6,-66,-56,25
05/11/2020,Lewisham,E09000023,-46,-1,58,-51,-55,22
05/11/2020,Merton,E09000024,-57,-20,0,-53,-52,21
05/11/2020,Newham,E09000025,-59,-15,106,-55,-47,17
05/11/2020,Redbridge,E09000026,-44,-13,7,-52,-45,18
05/11/2020,Richmond upon Thames,E09000027,-56,-9,25,-57,-59,24
05/11/2020,Southwark,E09000028,-65,-21,-25,-63,-56,24
05/11/2020,Sutton,E09000029,-52,-15,27,-56,-50,20
05/11/2020,Tower Hamlets,E09000030,-66,-27,-34,-68,-63,26
05/11/2020,Waltham Forest,E09000031,-40,-5,21,-49,-49,19
05/11/2020,Wandsworth,E09000032,-59,-12,11,-54,-60,27
05/11/2020,Greenwich,E09000011,-55,-11,-5,-48,-53,20
05/11/2020,Kensington and Chelsea,E09000020,-71,-13,-18,-64,-59,23
05/11/2020,Kingston upon Thames,E09000021,-64,-25,NA,-54,-52,23
06/11/2020,City of London,E09000001,-91,-74,-88,-80,-66,NA
06/11/2020,Westminster,E09000033,-88,-48,-66,-77,-63,26
06/11/2020,Barking and Dagenham,E09000002,-41,-1,25,-37,-33,14
06/11/2020,Barnet,E09000003,-51,-9,46,-50,-47,20
06/11/2020,Bexley,E09000004,-55,-9,36,-50,-45,19
06/11/2020,Brent,E09000005,-51,-4,56,-44,-44,19
06/11/2020,Bromley,E09000006,-58,-6,21,-52,-52,23
06/11/2020,Camden,E09000007,-81,-35,-9,-74,-61,27
06/11/2020,Croydon,E09000008,-59,-3,39,-52,-41,19
06/11/2020,Ealing,E09000009,-46,-9,36,-51,-44,20
06/11/2020,Enfield,E09000010,-44,-6,19,-42,-39,17
06/11/2020,Hackney,E09000012,-67,-1,27,-55,-54,24
06/11/2020,Hammersmith and Fulham,E09000013,-72,-24,2,-59,-61,26
06/11/2020,Haringey,E09000014,-51,-11,26,-51,-53,21
06/11/2020,Harrow,E09000015,-55,-7,63,-47,-43,19
06/11/2020,Havering,E09000016,-57,-12,10,-45,-43,19
06/11/2020,Hillingdon,E09000017,-53,-9,43,-66,-40,19
06/11/2020,Hounslow,E09000018,-45,-10,19,-44,-44,18
06/11/2020,Islington,E09000019,-76,-17,23,-69,-65,29
06/11/2020,Lambeth,E09000022,-67,-10,-8,-65,-57,27
06/11/2020,Lewisham,E09000023,-47,-1,45,-50,-54,24
06/11/2020,Merton,E09000024,-59,-13,5,-51,-49,22
06/11/2020,Newham,E09000025,-59,-13,124,-51,-47,19
06/11/2020,Redbridge,E09000026,-44,-7,7,-46,-44,18
06/11/2020,Richmond upon Thames,E09000027,-56,-4,36,-57,-58,24
06/11/2020,Southwark,E09000028,-67,-16,-23,-62,-56,25
06/11/2020,Sutton,E09000029,-53,-13,42,-54,-49,20
06/11/2020,Tower Hamlets,E09000030,-67,-20,-39,-67,-63,27
06/11/2020,Waltham Forest,E09000031,-43,-5,21,-50,-48,20
06/11/2020,Wandsworth,E09000032,-61,-8,24,-54,-57,28
06/11/2020,Greenwich,E09000011,-59,-8,0,-45,-50,21
06/11/2020,Kensington and Chelsea,E09000020,-74,-13,-18,-65,-57,24
06/11/2020,Kingston upon Thames,E09000021,-65,-17,NA,-54,-51,23
07/11/2020,City of London,E09000001,-88,-62,-83,-78,NA,NA
07/11/2020,Westminster,E09000033,-89,-50,-56,-80,-41,15
07/11/2020,Barking and Dagenham,E09000002,-44,-8,45,-41,-27,12
07/11/2020,Barnet,E09000003,-56,-10,77,-51,-35,14
07/11/2020,Bexley,E09000004,-61,-12,58,-55,-25,14
07/11/2020,Brent,E09000005,-57,-11,90,-47,-35,13
07/11/2020,Bromley,E09000006,-62,-10,35,-54,-27,15
07/11/2020,Camden,E09000007,-80,-38,16,-76,-34,15
07/11/2020,Croydon,E09000008,-64,-9,82,-57,-27,14
07/11/2020,Ealing,E09000009,-51,-11,68,-52,-32,14
07/11/2020,Enfield,E09000010,-52,-12,60,-45,-26,13
07/11/2020,Hackney,E09000012,-68,-6,57,-60,-35,15
07/11/2020,Hammersmith and Fulham,E09000013,-77,-25,43,-66,-45,16
07/11/2020,Haringey,E09000014,-55,-16,46,-54,-44,15
07/11/2020,Harrow,E09000015,-59,-10,120,-47,-26,14
07/11/2020,Havering,E09000016,-63,-18,32,-50,-27,14
07/11/2020,Hillingdon,E09000017,-55,-13,106,-69,-25,14
07/11/2020,Hounslow,E09000018,-49,-8,39,-46,-32,13
07/11/2020,Islington,E09000019,-75,-8,51,-65,-33,15
07/11/2020,Lambeth,E09000022,-67,-13,-7,-64,-34,16
07/11/2020,Lewisham,E09000023,-51,-6,69,-52,-36,15
07/11/2020,Merton,E09000024,-60,-17,40,-55,-35,14
07/11/2020,Newham,E09000025,-66,-19,125,-57,-35,13
07/11/2020,Redbridge,E09000026,-49,-13,19,-51,-28,13
07/11/2020,Richmond upon Thames,E09000027,-52,-3,64,-56,-40,15
07/11/2020,Southwark,E09000028,-65,-18,-5,-65,-36,15
07/11/2020,Sutton,E09000029,-58,-18,57,-58,-32,14
07/11/2020,Tower Hamlets,E09000030,-61,-22,-19,-64,-38,15
07/11/2020,Waltham Forest,E09000031,-46,-5,35,-51,-37,14
07/11/2020,Wandsworth,E09000032,-63,-12,56,-59,-34,16
07/11/2020,Greenwich,E09000011,-64,-10,9,-49,-35,14
07/11/2020,Kensington and Chelsea,E09000020,-79,-16,-3,-73,-36,15
07/11/2020,Kingston upon Thames,E09000021,-69,-19,76,-58,-33,15
08/11/2020,City of London,E09000001,-86,-69,-84,-77,NA,NA
08/11/2020,Westminster,E09000033,-87,-51,-58,-80,-45,13
08/11/2020,Barking and Dagenham,E09000002,-48,-15,45,-42,-29,10
08/11/2020,Barnet,E09000003,-59,-18,60,-53,-37,12
08/11/2020,Bexley,E09000004,-61,-18,37,-49,-30,11
08/11/2020,Brent,E09000005,-61,-10,54,-49,-38,11
08/11/2020,Bromley,E09000006,-62,-16,29,-51,-29,11
08/11/2020,Camden,E09000007,-79,-41,6,-77,-37,13
08/11/2020,Croydon,E09000008,-66,-17,44,-57,-28,11
08/11/2020,Ealing,E09000009,-54,-14,30,-53,-36,11
08/11/2020,Enfield,E09000010,-56,-16,34,-43,-31,11
08/11/2020,Hackney,E09000012,-66,-17,31,-58,-37,12
08/11/2020,Hammersmith and Fulham,E09000013,-77,-34,22,-67,-44,13
08/11/2020,Haringey,E09000014,-59,-23,21,-56,-47,12
08/11/2020,Harrow,E09000015,-61,-15,66,-45,-28,11
08/11/2020,Havering,E09000016,-64,-22,43,-48,-29,11
08/11/2020,Hillingdon,E09000017,-57,-18,74,-70,-29,11
08/11/2020,Hounslow,E09000018,-52,-21,19,-49,-36,11
08/11/2020,Islington,E09000019,-74,-19,44,-68,-33,13
08/11/2020,Lambeth,E09000022,-67,-20,-3,-64,-35,13
08/11/2020,Lewisham,E09000023,-54,-14,58,-54,-37,12
08/11/2020,Merton,E09000024,-62,-27,21,-56,-37,12
08/11/2020,Newham,E09000025,-64,-23,116,-55,-36,11
08/11/2020,Redbridge,E09000026,-52,-13,18,-51,-32,11
08/11/2020,Richmond upon Thames,E09000027,-58,-13,40,-61,-44,12
08/11/2020,Southwark,E09000028,-66,-21,2,-66,-39,13
08/11/2020,Sutton,E09000029,-60,-20,46,-55,-36,11
08/11/2020,Tower Hamlets,E09000030,-63,-39,-17,-64,-39,13
08/11/2020,Waltham Forest,E09000031,-48,-11,57,-53,-40,11
08/11/2020,Wandsworth,E09000032,-63,-27,35,-62,-33,13
08/11/2020,Greenwich,E09000011,-66,-16,6,-51,-37,11
08/11/2020,Kensington and Chelsea,E09000020,-79,-21,-5,-72,-42,13
08/11/2020,Kingston upon Thames,E09000021,-70,-26,73,-52,-41,12
09/11/2020,City of London,E09000001,-89,-75,-87,-80,-66,NA
09/11/2020,Westminster,E09000033,-84,-47,-54,-75,-64,24
09/11/2020,Barking and Dagenham,E09000002,-35,-8,39,-37,-37,13
09/11/2020,Barnet,E09000003,-48,-12,50,-49,-49,19
09/11/2020,Bexley,E09000004,-47,-12,42,-48,-46,17
09/11/2020,Brent,E09000005,-46,-8,86,-42,-44,17
09/11/2020,Bromley,E09000006,-51,-12,24,-52,-52,21
09/11/2020,Camden,E09000007,-78,-43,9,-73,-63,24
09/11/2020,Croydon,E09000008,-52,-10,52,-49,-41,18
09/11/2020,Ealing,E09000009,-42,-12,42,-47,-45,18
09/11/2020,Enfield,E09000010,-40,-11,45,-42,-41,15
09/11/2020,Hackney,E09000012,-59,-14,50,-57,-56,22
09/11/2020,Hammersmith and Fulham,E09000013,-69,-33,13,-54,-61,24
09/11/2020,Haringey,E09000014,-47,-18,37,-51,-54,20
09/11/2020,Harrow,E09000015,-45,-9,75,-45,-42,18
09/11/2020,Havering,E09000016,-49,-13,-2,-43,-43,16
09/11/2020,Hillingdon,E09000017,-48,-11,52,-71,-41,17
09/11/2020,Hounslow,E09000018,-40,-13,24,-44,-44,17
09/11/2020,Islington,E09000019,-71,-27,18,-65,-66,26
09/11/2020,Lambeth,E09000022,-60,-21,9,-65,-56,24
09/11/2020,Lewisham,E09000023,-40,-9,65,-47,-55,21
09/11/2020,Merton,E09000024,-54,-20,19,-47,-52,20
09/11/2020,Newham,E09000025,-55,-16,154,-48,-48,17
09/11/2020,Redbridge,E09000026,-42,-12,20,-46,-46,17
09/11/2020,Richmond upon Thames,E09000027,-52,-12,29,-56,-59,22
09/11/2020,Southwark,E09000028,-60,-19,-8,-61,-57,23
09/11/2020,Sutton,E09000029,-46,-12,47,-52,-49,18
09/11/2020,Tower Hamlets,E09000030,-61,-25,-22,-64,-65,25
09/11/2020,Waltham Forest,E09000031,-37,-8,33,-49,-49,18
09/11/2020,Wandsworth,E09000032,-57,-18,33,-56,-60,26
09/11/2020,Greenwich,E09000011,-51,-11,7,-41,-52,19
09/11/2020,Kensington and Chelsea,E09000020,-71,-14,-11,-62,-58,22
09/11/2020,Kingston upon Thames,E09000021,-60,-21,NA,-52,-52,21
10/11/2020,City of London,E09000001,-90,-73,-84,-80,-67,NA
10/11/2020,Westminster,E09000033,-86,-46,-52,-75,-65,24
10/11/2020,Barking and Dagenham,E09000002,-36,-9,50,-35,-37,13
10/11/2020,Barnet,E09000003,-45,-11,75,-47,-49,20
10/11/2020,Bexley,E09000004,-46,-7,42,-48,-47,18
10/11/2020,Brent,E09000005,-48,-5,83,-43,-45,17
10/11/2020,Bromley,E09000006,-50,-5,31,-51,-51,21
10/11/2020,Camden,E09000007,-79,-36,3,-73,-63,24
10/11/2020,Croydon,E09000008,-51,-3,48,-52,-44,19
10/11/2020,Ealing,E09000009,-40,-9,54,-48,-45,18
10/11/2020,Enfield,E09000010,-40,-7,34,-42,-41,16
10/11/2020,Hackney,E09000012,-59,-8,49,-55,-56,22
10/11/2020,Hammersmith and Fulham,E09000013,-67,-25,13,-56,-62,24
10/11/2020,Haringey,E09000014,-46,-13,43,-50,-56,20
10/11/2020,Harrow,E09000015,-47,-4,91,-43,-40,18
10/11/2020,Havering,E09000016,-49,-8,8,-44,-43,17
10/11/2020,Hillingdon,E09000017,-47,-7,63,-69,-42,18
10/11/2020,Hounslow,E09000018,-39,-11,46,-44,-44,18
10/11/2020,Islington,E09000019,-72,-21,34,-68,-66,27
10/11/2020,Lambeth,E09000022,-62,-13,17,-65,-55,24
10/11/2020,Lewisham,E09000023,-42,-1,72,-49,-54,22
10/11/2020,Merton,E09000024,-53,-16,34,-49,-52,21
10/11/2020,Newham,E09000025,-51,-12,154,-50,-48,17
10/11/2020,Redbridge,E09000026,-40,-5,24,-46,-48,17
10/11/2020,Richmond upon Thames,E09000027,-54,-2,40,-57,-60,23
10/11/2020,Southwark,E09000028,-61,-16,-8,-62,-58,23
10/11/2020,Sutton,E09000029,-45,-11,51,-52,-50,19
10/11/2020,Tower Hamlets,E09000030,-62,-20,-19,-66,-64,26
10/11/2020,Waltham Forest,E09000031,-38,-7,45,-49,-50,18
10/11/2020,Wandsworth,E09000032,-54,-12,35,-53,-60,26
10/11/2020,Greenwich,E09000011,-51,-8,14,-42,-53,20
10/11/2020,Kensington and Chelsea,E09000020,-69,-9,0,-63,-59,22
10/11/2020,Kingston upon Thames,E09000021,-61,-18,NA,-52,-53,21
11/11/2020,City of London,E09000001,-91,-72,-86,-81,-66,NA
11/11/2020,Westminster,E09000033,-87,-46,-58,-76,-64,25
11/11/2020,Barking and Dagenham,E09000002,-36,-2,14,-40,-35,14
11/11/2020,Barnet,E09000003,-46,-11,37,-48,-49,21
11/11/2020,Bexley,E09000004,-46,-7,33,-49,-46,19
11/11/2020,Brent,E09000005,-48,-4,44,-44,-45,17
11/11/2020,Bromley,E09000006,-51,-9,16,-51,-51,22
11/11/2020,Camden,E09000007,-80,-39,-7,-74,-62,26
11/11/2020,Croydon,E09000008,-50,-7,31,-52,-42,19
11/11/2020,Ealing,E09000009,-40,-11,29,-49,-46,19
11/11/2020,Enfield,E09000010,-42,-7,15,-40,-41,17
11/11/2020,Hackney,E09000012,-60,-9,35,-58,-56,23
11/11/2020,Hammersmith and Fulham,E09000013,-68,-28,8,-57,-61,25
11/11/2020,Haringey,E09000014,-50,-14,15,-53,-53,21
11/11/2020,Harrow,E09000015,-48,-6,51,-43,-42,18
11/11/2020,Havering,E09000016,-50,-12,1,-43,-43,17
11/11/2020,Hillingdon,E09000017,-48,-11,54,-69,-41,18
11/11/2020,Hounslow,E09000018,-42,-12,25,-45,-42,18
11/11/2020,Islington,E09000019,-74,-22,22,-69,-65,29
11/11/2020,Lambeth,E09000022,-62,-15,1,-67,-56,25
11/11/2020,Lewisham,E09000023,-42,-2,44,-49,-52,22
11/11/2020,Merton,E09000024,-55,-18,15,-52,-52,21
11/11/2020,Newham,E09000025,-58,-14,118,-51,-45,18
11/11/2020,Redbridge,E09000026,-43,-7,4,-46,-45,18
11/11/2020,Richmond upon Thames,E09000027,-54,-5,27,-56,-59,24
11/11/2020,Southwark,E09000028,-63,-17,-20,-62,-58,24
11/11/2020,Sutton,E09000029,-43,-3,45,-53,-51,20
11/11/2020,Tower Hamlets,E09000030,-64,-22,-29,-66,-63,26
11/11/2020,Waltham Forest,E09000031,-36,-5,17,-51,-47,19
11/11/2020,Wandsworth,E09000032,-55,-12,22,-56,-59,27
11/11/2020,Greenwich,E09000011,-53,-5,-4,-45,-51,20
11/11/2020,Kensington and Chelsea,E09000020,-71,-10,-8,-62,-58,23
11/11/2020,Kingston upon Thames,E09000021,-62,-19,NA,-54,-52,22
12/11/2020,City of London,E09000001,-92,-73,-85,-80,-68,NA
12/11/2020,Westminster,E09000033,-87,-46,-52,-75,-64,25
12/11/2020,Barking and Dagenham,E09000002,-35,-2,37,-36,-36,14
12/11/2020,Barnet,E09000003,-46,-8,65,-50,-49,20
12/11/2020,Bexley,E09000004,-47,-3,44,-48,-45,18
12/11/2020,Brent,E09000005,-46,-1,84,-42,-46,17
12/11/2020,Bromley,E09000006,-51,-5,37,-54,-51,22
12/11/2020,Camden,E09000007,-80,-34,-3,-73,-63,26
12/11/2020,Croydon,E09000008,-52,0,55,-52,-43,19
12/11/2020,Ealing,E09000009,-38,-4,53,-50,-45,19
12/11/2020,Enfield,E09000010,-41,-2,31,-42,-41,17
12/11/2020,Hackney,E09000012,-61,-2,44,-56,-56,23
12/11/2020,Hammersmith and Fulham,E09000013,-68,-23,22,-58,-61,25
12/11/2020,Haringey,E09000014,-47,-11,37,-51,-54,21
12/11/2020,Harrow,E09000015,-46,-4,75,-44,-42,18
12/11/2020,Havering,E09000016,-49,-4,15,-45,-43,18
12/11/2020,Hillingdon,E09000017,-47,-2,73,-69,-42,18
12/11/2020,Hounslow,E09000018,-40,-5,42,-45,-43,17
12/11/2020,Islington,E09000019,-74,-18,37,-68,-66,28
12/11/2020,Lambeth,E09000022,-62,-12,11,-65,-57,25
12/11/2020,Lewisham,E09000023,-41,4,74,-50,-55,22
12/11/2020,Merton,E09000024,-53,-15,26,-53,-53,22
12/11/2020,Newham,E09000025,-56,-10,132,-54,-47,17
12/11/2020,Redbridge,E09000026,-40,-8,19,-50,-46,18
12/11/2020,Richmond upon Thames,E09000027,-50,0,70,-54,-59,24
12/11/2020,Southwark,E09000028,-62,-15,-14,-63,-56,24
12/11/2020,Sutton,E09000029,-45,-7,53,-54,-49,19
12/11/2020,Tower Hamlets,E09000030,-64,-20,-20,-66,-64,27
12/11/2020,Waltham Forest,E09000031,-35,-1,40,-50,-49,19
12/11/2020,Wandsworth,E09000032,-54,-7,38,-53,-59,27
12/11/2020,Greenwich,E09000011,-51,-3,16,-46,-53,20
12/11/2020,Kensington and Chelsea,E09000020,-70,-8,1,-62,-58,23
12/11/2020,Kingston upon Thames,E09000021,-61,-17,NA,-52,-52,22
13/11/2020,City of London,E09000001,-92,-71,-85,-79,-65,NA
13/11/2020,Westminster,E09000033,-89,-45,-61,-75,-63,25
13/11/2020,Barking and Dagenham,E09000002,-36,2,33,-32,-35,14
13/11/2020,Barnet,E09000003,-48,-8,54,-49,-47,20
13/11/2020,Bexley,E09000004,-50,-1,42,-47,-45,19
13/11/2020,Brent,E09000005,-49,2,68,-40,-45,18
13/11/2020,Bromley,E09000006,-53,0,27,-49,-50,22
13/11/2020,Camden,E09000007,-81,-32,-3,-73,-60,26
13/11/2020,Croydon,E09000008,-54,1,48,-50,-41,19
13/11/2020,Ealing,E09000009,-40,-5,37,-48,-45,19
13/11/2020,Enfield,E09000010,-40,-2,17,-39,-39,17
13/11/2020,Hackney,E09000012,-64,4,38,-53,-54,23
13/11/2020,Hammersmith and Fulham,E09000013,-71,-23,11,-57,-60,25
13/11/2020,Haringey,E09000014,-47,-8,33,-49,-53,21
13/11/2020,Harrow,E09000015,-50,4,66,-43,-44,19
13/11/2020,Havering,E09000016,-51,-7,9,-42,-43,18
13/11/2020,Hillingdon,E09000017,-48,-1,49,-70,-40,18
13/11/2020,Hounslow,E09000018,-41,-4,37,-40,-44,18
13/11/2020,Islington,E09000019,-75,-16,43,-67,-64,29
13/11/2020,Lambeth,E09000022,-65,-5,3,-63,-56,25
13/11/2020,Lewisham,E09000023,-43,4,49,-48,-53,23
13/11/2020,Merton,E09000024,-56,-6,15,-50,-48,21
13/11/2020,Newham,E09000025,-55,-8,142,-47,-46,18
13/11/2020,Redbridge,E09000026,-39,-2,11,-42,-45,18
13/11/2020,Richmond upon Thames,E09000027,-55,0,40,-54,-57,23
13/11/2020,Southwark,E09000028,-64,-11,-18,-59,-55,24
13/11/2020,Sutton,E09000029,-48,-2,50,-52,-48,19
13/11/2020,Tower Hamlets,E09000030,-64,-15,-30,-64,-63,26
13/11/2020,Waltham Forest,E09000031,-38,-3,30,-48,-48,20
13/11/2020,Wandsworth,E09000032,-57,-3,35,-53,-57,27
13/11/2020,Greenwich,E09000011,-55,-3,6,-41,-50,20
13/11/2020,Kensington and Chelsea,E09000020,-73,-6,-6,-61,-57,23
13/11/2020,Kingston upon Thames,E09000021,-62,-12,NA,-50,-50,22
14/11/2020,City of London,E09000001,-91,-63,-88,-78,NA,NA
14/11/2020,Westminster,E09000033,-92,-54,-79,-81,-45,17
14/11/2020,Barking and Dagenham,E09000002,-46,-11,-19,-43,-29,12
14/11/2020,Barnet,E09000003,-61,-17,-29,-56,-38,15
14/11/2020,Bexley,E09000004,-58,-10,-12,-57,-27,14
14/11/2020,Brent,E09000005,-62,-15,-5,-50,-38,15
14/11/2020,Bromley,E09000006,-62,-10,-25,-57,-30,15
14/11/2020,Camden,E09000007,-84,-43,-48,-78,-36,18
14/11/2020,Croydon,E09000008,-64,-11,-2,-59,-29,14
14/11/2020,Ealing,E09000009,-54,-15,-23,-53,-36,15
14/11/2020,Enfield,E09000010,-53,-14,-33,-48,-30,14
14/11/2020,Hackney,E09000012,-72,-12,-15,-62,-36,16
14/11/2020,Hammersmith and Fulham,E09000013,-80,-32,-25,-67,-45,18
14/11/2020,Haringey,E09000014,-60,-20,-29,-56,-45,16
14/11/2020,Harrow,E09000015,-63,-14,-20,-49,-28,15
14/11/2020,Havering,E09000016,-61,-17,-27,-51,-30,14
14/11/2020,Hillingdon,E09000017,-59,-17,-9,-74,-31,15
14/11/2020,Hounslow,E09000018,-53,-11,-35,-49,-34,15
14/11/2020,Islington,E09000019,-78,-12,-10,-67,-36,17
14/11/2020,Lambeth,E09000022,-69,-15,-42,-63,-35,17
14/11/2020,Lewisham,E09000023,-53,-8,-4,-54,-36,15
14/11/2020,Merton,E09000024,-62,-17,-20,-59,-35,15
14/11/2020,Newham,E09000025,-66,-20,17,-58,-37,14
14/11/2020,Redbridge,E09000026,-50,-14,-40,-52,-31,14
14/11/2020,Richmond upon Thames,E09000027,-66,-9,-34,-64,-41,17
14/11/2020,Southwark,E09000028,-68,-21,-41,-63,-37,16
14/11/2020,Sutton,E09000029,-58,-16,-24,-60,-35,15
14/11/2020,Tower Hamlets,E09000030,-64,-26,-52,-66,-40,17
14/11/2020,Waltham Forest,E09000031,-51,-10,-30,-56,-37,15
14/11/2020,Wandsworth,E09000032,-67,-13,-13,-60,-35,18
14/11/2020,Greenwich,E09000011,-64,-13,-42,-51,-36,15
14/11/2020,Kensington and Chelsea,E09000020,-83,-22,-48,-75,-42,17
14/11/2020,Kingston upon Thames,E09000021,-74,-22,-10,-60,-38,17
15/11/2020,City of London,E09000001,-87,-65,-84,-78,NA,NA
15/11/2020,Westminster,E09000033,-87,-48,-63,-78,-46,13
15/11/2020,Barking and Dagenham,E09000002,-49,-15,-3,-42,-31,9
15/11/2020,Barnet,E09000003,-58,-16,29,-55,-37,12
15/11/2020,Bexley,E09000004,-61,-18,-15,-54,-31,11
15/11/2020,Brent,E09000005,-62,-9,27,-49,-40,11
15/11/2020,Bromley,E09000006,-62,-15,-3,-55,-31,12
15/11/2020,Camden,E09000007,-79,-39,-8,-76,-38,13
15/11/2020,Croydon,E09000008,-64,-15,11,-58,-28,11
15/11/2020,Ealing,E09000009,-53,-13,7,-53,-37,12
15/11/2020,Enfield,E09000010,-54,-14,0,-45,-31,11
15/11/2020,Hackney,E09000012,-64,-14,17,-57,-34,12
15/11/2020,Hammersmith and Fulham,E09000013,-75,-31,10,-64,-43,12
15/11/2020,Haringey,E09000014,-59,-21,5,-56,-46,12
15/11/2020,Harrow,E09000015,-58,-15,37,-45,-30,11
15/11/2020,Havering,E09000016,-62,-20,-1,-48,-29,11
15/11/2020,Hillingdon,E09000017,-56,-16,51,-72,-32,11
15/11/2020,Hounslow,E09000018,-51,-20,5,-49,-37,11
15/11/2020,Islington,E09000019,-73,-16,34,-67,-36,12
15/11/2020,Lambeth,E09000022,-66,-18,-10,-63,-34,13
15/11/2020,Lewisham,E09000023,-55,-13,28,-56,-37,12
15/11/2020,Merton,E09000024,-60,-22,8,-58,-37,12
15/11/2020,Newham,E09000025,-61,-20,66,-52,-37,10
15/11/2020,Redbridge,E09000026,-53,-16,-10,-47,-33,10
15/11/2020,Richmond upon Thames,E09000027,-60,-6,17,-59,-43,12
15/11/2020,Southwark,E09000028,-65,-20,-13,-63,-39,12
15/11/2020,Sutton,E09000029,-59,-18,9,-57,-36,11
15/11/2020,Tower Hamlets,E09000030,-61,-35,-25,-61,-39,12
15/11/2020,Waltham Forest,E09000031,-48,-10,30,-52,-41,11
15/11/2020,Wandsworth,E09000032,-62,-27,24,-62,-32,13
15/11/2020,Greenwich,E09000011,-66,-16,-15,-52,-38,12
15/11/2020,Kensington and Chelsea,E09000020,-79,-15,2,-67,-41,13
15/11/2020,Kingston upon Thames,E09000021,-72,-23,46,-52,-45,12
16/11/2020,City of London,E09000001,-90,-74,-85,-80,-65,NA
16/11/2020,Westminster,E09000033,-86,-45,-55,-74,-64,24
16/11/2020,Barking and Dagenham,E09000002,-33,-8,23,-37,-37,13
16/11/2020,Barnet,E09000003,-48,-13,38,-50,-49,19
16/11/2020,Bexley,E09000004,-46,-11,27,-49,-47,18
16/11/2020,Brent,E09000005,-49,-7,65,-44,-46,17
16/11/2020,Bromley,E09000006,-50,-10,14,-51,-51,20
16/11/2020,Camden,E09000007,-78,-41,0,-72,-63,25
16/11/2020,Croydon,E09000008,-51,-7,40,-49,-41,18
16/11/2020,Ealing,E09000009,-41,-12,39,-47,-45,18
16/11/2020,Enfield,E09000010,-39,-8,18,-42,-41,16
16/11/2020,Hackney,E09000012,-58,-13,37,-58,-57,22
16/11/2020,Hammersmith and Fulham,E09000013,-68,-29,5,-56,-61,24
16/11/2020,Haringey,E09000014,-48,-17,21,-51,-54,20
16/11/2020,Harrow,E09000015,-47,-8,56,-45,-44,18
16/11/2020,Havering,E09000016,-49,-11,-7,-44,-44,16
16/11/2020,Hillingdon,E09000017,-47,-9,50,-71,-42,17
16/11/2020,Hounslow,E09000018,-41,-12,22,-45,-44,17
16/11/2020,Islington,E09000019,-72,-28,12,-66,-66,27
16/11/2020,Lambeth,E09000022,-60,-16,5,-64,-56,23
16/11/2020,Lewisham,E09000023,-41,-7,40,-48,-54,21
16/11/2020,Merton,E09000024,-52,-14,20,-50,-52,20
16/11/2020,Newham,E09000025,-53,-14,133,-48,-47,17
16/11/2020,Redbridge,E09000026,-43,-12,2,-48,-46,17
16/11/2020,Richmond upon Thames,E09000027,-52,-9,26,-56,-60,22
16/11/2020,Southwark,E09000028,-60,-18,-15,-62,-57,23
16/11/2020,Sutton,E09000029,-44,-10,51,-54,-50,18
16/11/2020,Tower Hamlets,E09000030,-62,-24,-28,-64,-64,25
16/11/2020,Waltham Forest,E09000031,-36,-8,16,-50,-49,18
16/11/2020,Wandsworth,E09000032,-56,-18,24,-56,-60,25
16/11/2020,Greenwich,E09000011,-48,-8,5,-42,-53,19
16/11/2020,Kensington and Chelsea,E09000020,-71,-10,-12,-63,-58,22
16/11/2020,Kingston upon Thames,E09000021,-60,-20,NA,-52,-52,21
17/11/2020,City of London,E09000001,-91,-72,-86,-80,-69,NA
17/11/2020,Westminster,E09000033,-86,-45,-55,-74,-64,24
17/11/2020,Barking and Dagenham,E09000002,-35,-9,36,-36,-37,14
17/11/2020,Barnet,E09000003,-45,-12,52,-47,-49,20
17/11/2020,Bexley,E09000004,-46,-6,32,-52,-46,18
17/11/2020,Brent,E09000005,-48,-7,76,-42,-45,17
17/11/2020,Bromley,E09000006,-48,-3,21,-51,-51,21
17/11/2020,Camden,E09000007,-79,-36,-9,-73,-63,25
17/11/2020,Croydon,E09000008,-51,-3,40,-52,-44,18
17/11/2020,Ealing,E09000009,-40,-12,41,-48,-45,19
17/11/2020,Enfield,E09000010,-41,-8,22,-42,-41,16
17/11/2020,Hackney,E09000012,-60,-10,36,-56,-57,22
17/11/2020,Hammersmith and Fulham,E09000013,-68,-27,3,-57,-62,24
17/11/2020,Haringey,E09000014,-47,-12,31,-50,-55,20
17/11/2020,Harrow,E09000015,-47,-8,58,-43,-41,18
17/11/2020,Havering,E09000016,-49,-8,-1,-44,-44,17
17/11/2020,Hillingdon,E09000017,-46,-9,47,-69,-42,18
17/11/2020,Hounslow,E09000018,-40,-13,40,-45,-44,17
17/11/2020,Islington,E09000019,-72,-23,25,-69,-66,27
17/11/2020,Lambeth,E09000022,-62,-13,7,-64,-55,24
17/11/2020,Lewisham,E09000023,-41,-2,52,-49,-54,22
17/11/2020,Merton,E09000024,-52,-16,21,-51,-52,21
17/11/2020,Newham,E09000025,-52,-13,133,-50,-48,17
17/11/2020,Redbridge,E09000026,-42,-4,7,-47,-48,17
17/11/2020,Richmond upon Thames,E09000027,-55,-4,31,-56,-59,23
17/11/2020,Southwark,E09000028,-60,-17,-16,-61,-57,23
17/11/2020,Sutton,E09000029,-44,-10,41,-53,-50,19
17/11/2020,Tower Hamlets,E09000030,-63,-21,-28,-65,-65,25
17/11/2020,Waltham Forest,E09000031,-38,-8,27,-50,-51,19
17/11/2020,Wandsworth,E09000032,-55,-13,30,-54,-59,26
17/11/2020,Greenwich,E09000011,-50,-7,2,-43,-53,20
17/11/2020,Kensington and Chelsea,E09000020,-70,-8,-10,-63,-60,22
17/11/2020,Kingston upon Thames,E09000021,-60,-17,NA,-50,-52,22
18/11/2020,City of London,E09000001,-91,-72,-84,-80,-65,NA
18/11/2020,Westminster,E09000033,-87,-46,-58,-75,-63,24
18/11/2020,Barking and Dagenham,E09000002,-36,-1,20,-40,-36,14
18/11/2020,Barnet,E09000003,-47,-12,27,-49,-49,21
18/11/2020,Bexley,E09000004,-47,-7,40,-50,-46,19
18/11/2020,Brent,E09000005,-48,-6,47,-44,-45,18
18/11/2020,Bromley,E09000006,-49,-12,17,-48,-50,22
18/11/2020,Camden,E09000007,-80,-39,-9,-73,-61,25
18/11/2020,Croydon,E09000008,-51,-6,32,-52,-41,19
18/11/2020,Ealing,E09000009,-40,-11,28,-48,-46,19
18/11/2020,Enfield,E09000010,-41,-7,15,-45,-40,17
18/11/2020,Hackney,E09000012,-60,-7,35,-58,-55,23
18/11/2020,Hammersmith and Fulham,E09000013,-67,-27,4,-58,-61,25
18/11/2020,Haringey,E09000014,-50,-13,14,-55,-53,21
18/11/2020,Harrow,E09000015,-49,-9,45,-44,-42,19
18/11/2020,Havering,E09000016,-48,-11,2,-44,-44,18
18/11/2020,Hillingdon,E09000017,-47,-11,41,-70,-41,18
18/11/2020,Hounslow,E09000018,-43,-12,20,-44,-42,18
18/11/2020,Islington,E09000019,-74,-23,21,-68,-65,28
18/11/2020,Lambeth,E09000022,-62,-14,4,-66,-55,25
18/11/2020,Lewisham,E09000023,-43,-1,50,-50,-52,22
18/11/2020,Merton,E09000024,-54,-17,16,-53,-51,21
18/11/2020,Newham,E09000025,-57,-13,130,-52,-45,18
18/11/2020,Redbridge,E09000026,-44,-9,13,-46,-46,18
18/11/2020,Richmond upon Thames,E09000027,-54,-9,24,-55,-59,24
18/11/2020,Southwark,E09000028,-62,-17,-17,-61,-57,24
18/11/2020,Sutton,E09000029,-47,-9,39,-54,-49,19
18/11/2020,Tower Hamlets,E09000030,-64,-23,-30,-66,-62,26
18/11/2020,Waltham Forest,E09000031,-36,-5,21,-51,-47,19
18/11/2020,Wandsworth,E09000032,-55,-13,24,-56,-58,27
18/11/2020,Greenwich,E09000011,-52,-8,2,-45,-51,20
18/11/2020,Kensington and Chelsea,E09000020,-70,-11,-6,-64,-57,23
18/11/2020,Kingston upon Thames,E09000021,-62,-20,NA,-52,-52,22
19/11/2020,City of London,E09000001,-92,-74,-88,-81,-66,NA
19/11/2020,Westminster,E09000033,-87,-47,-62,-75,-64,25
19/11/2020,Barking and Dagenham,E09000002,-38,-6,10,-36,-36,14
19/11/2020,Barnet,E09000003,-47,-11,28,-51,-49,21
19/11/2020,Bexley,E09000004,-49,-6,6,-50,-46,19
19/11/2020,Brent,E09000005,-47,-5,41,-44,-46,18
19/11/2020,Bromley,E09000006,-50,-13,3,-51,-51,22
19/11/2020,Camden,E09000007,-81,-36,-19,-74,-63,27
19/11/2020,Croydon,E09000008,-53,-5,24,-54,-43,19
19/11/2020,Ealing,E09000009,-42,-5,33,-49,-45,19
19/11/2020,Enfield,E09000010,-42,-3,-1,-45,-42,17
19/11/2020,Hackney,E09000012,-63,-5,18,-56,-56,23
19/11/2020,Hammersmith and Fulham,E09000013,-69,-24,-3,-59,-62,25
19/11/2020,Haringey,E09000014,-50,-11,14,-51,-53,21
19/11/2020,Harrow,E09000015,-49,-10,33,-48,-42,19
19/11/2020,Havering,E09000016,-50,-6,-17,-46,-44,18
19/11/2020,Hillingdon,E09000017,-48,-6,43,-69,-42,18
19/11/2020,Hounslow,E09000018,-43,-10,16,-47,-43,18
19/11/2020,Islington,E09000019,-75,-20,4,-68,-65,29
19/11/2020,Lambeth,E09000022,-64,-13,-4,-65,-56,25
19/11/2020,Lewisham,E09000023,-45,-1,33,-51,-55,23
19/11/2020,Merton,E09000024,-54,-16,-2,-52,-52,22
19/11/2020,Newham,E09000025,-57,-14,97,-55,-47,18
19/11/2020,Redbridge,E09000026,-43,-13,-11,-52,-47,18
19/11/2020,Richmond upon Thames,E09000027,-54,-4,32,-55,-59,24
19/11/2020,Southwark,E09000028,-64,-18,-30,-63,-55,25
19/11/2020,Sutton,E09000029,-46,-9,17,-56,-50,20
19/11/2020,Tower Hamlets,E09000030,-65,-23,-37,-68,-64,28
19/11/2020,Waltham Forest,E09000031,-39,-5,7,-51,-49,20
19/11/2020,Wandsworth,E09000032,-57,-10,16,-54,-59,28
19/11/2020,Greenwich,E09000011,-53,-7,-13,-49,-54,21
19/11/2020,Kensington and Chelsea,E09000020,-73,-10,-17,-63,-59,25
19/11/2020,Kingston upon Thames,E09000021,-63,-17,NA,-52,-53,23
20/11/2020,City of London,E09000001,-92,-72,-89,-79,-64,NA
20/11/2020,Westminster,E09000033,-89,-45,-70,-75,-62,25
20/11/2020,Barking and Dagenham,E09000002,-40,2,12,-36,-34,15
20/11/2020,Barnet,E09000003,-50,-9,16,-50,-48,21
20/11/2020,Bexley,E09000004,-50,-2,13,-49,-46,19
20/11/2020,Brent,E09000005,-51,-4,30,-42,-44,19
20/11/2020,Bromley,E09000006,-52,-8,4,-44,-50,22
20/11/2020,Camden,E09000007,-82,-32,-25,-73,-60,26
20/11/2020,Croydon,E09000008,-55,0,15,-51,-42,19
20/11/2020,Ealing,E09000009,-44,-4,19,-47,-45,20
20/11/2020,Enfield,E09000010,-42,0,-9,-42,-39,17
20/11/2020,Hackney,E09000012,-65,-1,12,-54,-54,23
20/11/2020,Hammersmith and Fulham,E09000013,-71,-23,-10,-57,-60,26
20/11/2020,Haringey,E09000014,-50,-7,9,-50,-52,22
20/11/2020,Harrow,E09000015,-54,-5,21,-47,-43,19
20/11/2020,Havering,E09000016,-52,-7,-16,-43,-45,19
20/11/2020,Hillingdon,E09000017,-49,-5,24,-69,-41,19
20/11/2020,Hounslow,E09000018,-44,-9,2,-43,-44,18
20/11/2020,Islington,E09000019,-76,-17,9,-67,-64,29
20/11/2020,Lambeth,E09000022,-66,-8,-15,-63,-56,26
20/11/2020,Lewisham,E09000023,-43,3,20,-47,-53,23
20/11/2020,Merton,E09000024,-57,-7,-11,-51,-49,22
20/11/2020,Newham,E09000025,-57,-11,101,-50,-47,18
20/11/2020,Redbridge,E09000026,-44,-8,-17,-48,-45,19
20/11/2020,Richmond upon Thames,E09000027,-58,0,6,-56,-58,24
20/11/2020,Southwark,E09000028,-64,-13,-32,-60,-56,25
20/11/2020,Sutton,E09000029,-50,-5,13,-53,-49,20
20/11/2020,Tower Hamlets,E09000030,-65,-17,-45,-66,-63,27
20/11/2020,Waltham Forest,E09000031,-40,-2,3,-49,-49,20
20/11/2020,Wandsworth,E09000032,-59,-4,10,-53,-57,27
20/11/2020,Greenwich,E09000011,-55,-4,-15,-43,-52,21
20/11/2020,Kensington and Chelsea,E09000020,-75,-8,-23,-62,-57,24
20/11/2020,Kingston upon Thames,E09000021,-63,-15,48,-52,-51,22
21/11/2020,City of London,E09000001,-88,-56,-78,-71,NA,NA
21/11/2020,Westminster,E09000033,-87,-45,-59,-74,-41,15
21/11/2020,Barking and Dagenham,E09000002,-42,-6,15,-30,-28,11
21/11/2020,Barnet,E09000003,-53,-9,39,-50,-34,13
21/11/2020,Bexley,E09000004,-56,-7,21,-53,-24,13
21/11/2020,Brent,E09000005,-57,-8,45,-46,-35,13
21/11/2020,Bromley,E09000006,-57,-13,15,-42,-28,14
21/11/2020,Camden,E09000007,-79,-35,-6,-73,-33,15
21/11/2020,Croydon,E09000008,-61,-6,47,-55,-26,13
21/11/2020,Ealing,E09000009,-51,-9,47,-51,-33,14
21/11/2020,Enfield,E09000010,-48,-7,22,-44,-27,13
21/11/2020,Hackney,E09000012,-67,-5,34,-59,-35,14
21/11/2020,Hammersmith and Fulham,E09000013,-77,-26,20,-62,-43,15
21/11/2020,Haringey,E09000014,-55,-14,24,-52,-43,14
21/11/2020,Harrow,E09000015,-56,-8,70,-45,-24,13
21/11/2020,Havering,E09000016,-58,-12,9,-45,-26,13
21/11/2020,Hillingdon,E09000017,-51,-10,71,-71,-25,13
21/11/2020,Hounslow,E09000018,-48,-5,7,-47,-32,13
21/11/2020,Islington,E09000019,-75,-6,38,-65,-33,15
21/11/2020,Lambeth,E09000022,-66,-9,-8,-59,-32,15
21/11/2020,Lewisham,E09000023,-49,-6,27,-50,-34,14
21/11/2020,Merton,E09000024,-58,-13,12,-55,-33,14
21/11/2020,Newham,E09000025,-64,-15,78,-51,-34,12
21/11/2020,Redbridge,E09000026,-47,-12,-9,-48,-28,13
21/11/2020,Richmond upon Thames,E09000027,-55,2,22,-55,-38,15
21/11/2020,Southwark,E09000028,-64,-15,-13,-58,-34,14
21/11/2020,Sutton,E09000029,-54,-13,25,-56,-32,14
21/11/2020,Tower Hamlets,E09000030,-60,-21,-28,-64,-36,15
21/11/2020,Waltham Forest,E09000031,-45,-2,7,-49,-37,13
21/11/2020,Wandsworth,E09000032,-62,-8,30,-56,-34,16
21/11/2020,Greenwich,E09000011,-61,-9,-10,-46,-35,13
21/11/2020,Kensington and Chelsea,E09000020,-78,-11,-14,-68,-37,14
21/11/2020,Kingston upon Thames,E09000021,-67,-12,55,-54,-32,15
22/11/2020,City of London,E09000001,-85,-62,-74,-73,NA,NA
22/11/2020,Westminster,E09000033,-83,-41,-45,-75,-44,12
22/11/2020,Barking and Dagenham,E09000002,-43,-11,47,-40,-31,9
22/11/2020,Barnet,E09000003,-53,-14,83,-49,-35,11
22/11/2020,Bexley,E09000004,-57,-13,39,-46,-28,10
22/11/2020,Brent,E09000005,-59,-6,65,-46,-37,10
22/11/2020,Bromley,E09000006,-57,-18,40,-39,-27,10
22/11/2020,Camden,E09000007,-75,-34,31,-73,-35,12
22/11/2020,Croydon,E09000008,-61,-11,60,-54,-28,10
22/11/2020,Ealing,E09000009,-51,-7,55,-51,-35,10
22/11/2020,Enfield,E09000010,-51,-8,47,-43,-30,10
22/11/2020,Hackney,E09000012,-62,-10,52,-55,-31,10
22/11/2020,Hammersmith and Fulham,E09000013,-73,-30,43,-62,-43,11
22/11/2020,Haringey,E09000014,-56,-20,48,-52,-43,10
22/11/2020,Harrow,E09000015,-54,-12,105,-42,-26,10
22/11/2020,Havering,E09000016,-57,-15,48,-45,-28,10
22/11/2020,Hillingdon,E09000017,-51,-12,102,-71,-29,10
22/11/2020,Hounslow,E09000018,-49,-18,42,-47,-35,10
22/11/2020,Islington,E09000019,-70,-14,63,-69,-31,11
22/11/2020,Lambeth,E09000022,-62,-13,23,-58,-31,11
22/11/2020,Lewisham,E09000023,-47,-10,69,-50,-36,11
22/11/2020,Merton,E09000024,-57,-17,40,-54,-35,11
22/11/2020,Newham,E09000025,-60,-19,132,-50,-35,9
22/11/2020,Redbridge,E09000026,-48,-12,34,-45,-32,10
22/11/2020,Richmond upon Thames,E09000027,-52,-2,66,-48,-42,10
22/11/2020,Southwark,E09000028,-61,-16,13,-57,-36,11
22/11/2020,Sutton,E09000029,-53,-15,63,-52,-33,10
22/11/2020,Tower Hamlets,E09000030,-58,-33,-1,-62,-36,11
22/11/2020,Waltham Forest,E09000031,-45,-6,75,-48,-40,10
22/11/2020,Wandsworth,E09000032,-59,-25,62,-57,-29,12
22/11/2020,Greenwich,E09000011,-60,-9,30,-47,-36,10
22/11/2020,Kensington and Chelsea,E09000020,-76,-8,14,-67,-37,11
22/11/2020,Kingston upon Thames,E09000021,-64,-19,93,-46,-37,11
23/11/2020,City of London,E09000001,-89,-74,-85,-80,-65,NA
23/11/2020,Westminster,E09000033,-85,-43,-53,-73,-64,24
23/11/2020,Barking and Dagenham,E09000002,-34,-7,33,-36,-36,13
23/11/2020,Barnet,E09000003,-46,-10,45,-49,-48,19
23/11/2020,Bexley,E09000004,-43,-8,31,-49,-47,17
23/11/2020,Brent,E09000005,-44,-6,75,-45,-44,16
23/11/2020,Bromley,E09000006,-47,-14,19,-46,-52,20
23/11/2020,Camden,E09000007,-78,-39,4,-72,-62,24
23/11/2020,Croydon,E09000008,-50,-7,44,-49,-41,17
23/11/2020,Ealing,E09000009,-40,-9,45,-46,-44,17
23/11/2020,Enfield,E09000010,-37,-6,30,-43,-41,15
23/11/2020,Hackney,E09000012,-57,-11,45,-56,-56,21
23/11/2020,Hammersmith and Fulham,E09000013,-67,-28,16,-53,-61,24
23/11/2020,Haringey,E09000014,-46,-15,34,-51,-53,19
23/11/2020,Harrow,E09000015,-44,-7,55,-45,-42,18
23/11/2020,Havering,E09000016,-46,-8,-3,-45,-44,16
23/11/2020,Hillingdon,E09000017,-44,-5,55,-70,-41,17
23/11/2020,Hounslow,E09000018,-38,-10,30,-45,-44,16
23/11/2020,Islington,E09000019,-71,-24,18,-65,-65,26
23/11/2020,Lambeth,E09000022,-58,-16,10,-64,-55,23
23/11/2020,Lewisham,E09000023,-39,-8,48,-50,-55,21
23/11/2020,Merton,E09000024,-52,-14,15,-48,-51,19
23/11/2020,Newham,E09000025,-53,-12,151,-48,-46,17
23/11/2020,Redbridge,E09000026,-41,-10,7,-49,-46,17
23/11/2020,Richmond upon Thames,E09000027,-51,-7,35,-54,-59,22
23/11/2020,Southwark,E09000028,-58,-17,-9,-62,-56,22
23/11/2020,Sutton,E09000029,-41,-10,56,-54,-51,18
23/11/2020,Tower Hamlets,E09000030,-60,-23,-21,-65,-64,24
23/11/2020,Waltham Forest,E09000031,-33,-5,29,-50,-49,18
23/11/2020,Wandsworth,E09000032,-54,-16,31,-55,-59,25
23/11/2020,Greenwich,E09000011,-47,-8,13,-43,-52,19
23/11/2020,Kensington and Chelsea,E09000020,-70,-6,-10,-59,-58,22
23/11/2020,Kingston upon Thames,E09000021,-57,-17,NA,-44,-52,21
24/11/2020,City of London,E09000001,-90,-73,-86,-80,-67,NA
24/11/2020,Westminster,E09000033,-85,-45,-52,-73,-63,24
24/11/2020,Barking and Dagenham,E09000002,-34,-8,31,-37,-37,13
24/11/2020,Barnet,E09000003,-44,-11,54,-48,-48,19
24/11/2020,Bexley,E09000004,-46,-5,42,-51,-47,18
24/11/2020,Brent,E09000005,-46,-7,70,-44,-44,17
24/11/2020,Bromley,E09000006,-47,-10,20,-47,-51,21
24/11/2020,Camden,E09000007,-79,-36,-6,-72,-61,25
24/11/2020,Croydon,E09000008,-48,-2,41,-53,-43,18
24/11/2020,Ealing,E09000009,-41,-10,48,-49,-44,18
24/11/2020,Enfield,E09000010,-40,-6,21,-42,-41,16
24/11/2020,Hackney,E09000012,-59,-10,41,-55,-56,22
24/11/2020,Hammersmith and Fulham,E09000013,-67,-25,6,-56,-61,23
24/11/2020,Haringey,E09000014,-47,-13,36,-51,-55,20
24/11/2020,Harrow,E09000015,-45,-8,67,-44,-40,18
24/11/2020,Havering,E09000016,-48,-6,-1,-44,-44,17
24/11/2020,Hillingdon,E09000017,-44,-7,55,-69,-41,17
24/11/2020,Hounslow,E09000018,-40,-11,43,-45,-43,17
24/11/2020,Islington,E09000019,-71,-24,24,-68,-64,27
24/11/2020,Lambeth,E09000022,-60,-14,16,-64,-54,24
24/11/2020,Lewisham,E09000023,-41,-2,51,-48,-53,21
24/11/2020,Merton,E09000024,-52,-14,26,-50,-52,21
24/11/2020,Newham,E09000025,-52,-11,135,-50,-47,17
24/11/2020,Redbridge,E09000026,-39,-4,9,-47,-48,17
24/11/2020,Richmond upon Thames,E09000027,-53,-5,36,-55,-59,23
24/11/2020,Southwark,E09000028,-60,-16,-13,-61,-57,23
24/11/2020,Sutton,E09000029,-44,-10,50,-52,-50,19
24/11/2020,Tower Hamlets,E09000030,-62,-20,-25,-67,-64,26
24/11/2020,Waltham Forest,E09000031,-38,-6,28,-50,-51,19
24/11/2020,Wandsworth,E09000032,-55,-12,35,-54,-58,26
24/11/2020,Greenwich,E09000011,-49,-9,14,-44,-53,20
24/11/2020,Kensington and Chelsea,E09000020,-69,-8,-2,-62,-58,22
24/11/2020,Kingston upon Thames,E09000021,-58,-15,NA,-47,-52,21
25/11/2020,City of London,E09000001,-90,-75,-84,-79,-67,NA
25/11/2020,Westminster,E09000033,-85,-50,-61,-74,-62,25
25/11/2020,Barking and Dagenham,E09000002,-36,-1,13,-40,-35,14
25/11/2020,Barnet,E09000003,-45,-14,18,-48,-47,20
25/11/2020,Bexley,E09000004,-45,-7,17,-50,-46,19
25/11/2020,Brent,E09000005,-47,-6,40,-45,-44,18
25/11/2020,Bromley,E09000006,-48,-12,7,-52,-50,22
25/11/2020,Camden,E09000007,-80,-42,-11,-72,-60,25
25/11/2020,Croydon,E09000008,-51,-8,20,-52,-41,19
25/11/2020,Ealing,E09000009,-40,-14,23,-49,-45,19
25/11/2020,Enfield,E09000010,-41,-8,0,-45,-40,17
25/11/2020,Hackney,E09000012,-60,-11,28,-56,-55,23
25/11/2020,Hammersmith and Fulham,E09000013,-67,-28,2,-58,-60,25
25/11/2020,Haringey,E09000014,-50,-15,13,-54,-53,21
25/11/2020,Harrow,E09000015,-49,-9,29,-45,-41,18
25/11/2020,Havering,E09000016,-47,-12,-8,-45,-43,18
25/11/2020,Hillingdon,E09000017,-45,-10,33,-69,-40,18
25/11/2020,Hounslow,E09000018,-42,-11,18,-43,-41,17
25/11/2020,Islington,E09000019,-73,-23,14,-67,-64,28
25/11/2020,Lambeth,E09000022,-61,-14,-7,-66,-54,25
25/11/2020,Lewisham,E09000023,-44,-2,36,-50,-51,22
25/11/2020,Merton,E09000024,-53,-16,7,-53,-51,21
25/11/2020,Newham,E09000025,-57,-15,115,-51,-45,18
25/11/2020,Redbridge,E09000026,-43,-12,-4,-48,-45,18
25/11/2020,Richmond upon Thames,E09000027,-54,-14,13,-56,-58,24
25/11/2020,Southwark,E09000028,-62,-19,-24,-61,-56,24
25/11/2020,Sutton,E09000029,-44,-7,22,-55,-49,19
25/11/2020,Tower Hamlets,E09000030,-63,-23,-32,-65,-63,26
25/11/2020,Waltham Forest,E09000031,-38,-3,5,-51,-47,19
25/11/2020,Wandsworth,E09000032,-56,-14,19,-55,-57,27
25/11/2020,Greenwich,E09000011,-52,-10,-5,-44,-50,20
25/11/2020,Kensington and Chelsea,E09000020,-70,-15,-13,-61,-57,23
25/11/2020,Kingston upon Thames,E09000021,-59,-20,NA,-47,-52,22
26/11/2020,City of London,E09000001,-91,-75,-87,-80,-68,NA
26/11/2020,Westminster,E09000033,-85,-49,-54,-74,-62,24
26/11/2020,Barking and Dagenham,E09000002,-33,-2,40,-34,-35,13
26/11/2020,Barnet,E09000003,-44,-11,51,-49,-47,20
26/11/2020,Bexley,E09000004,-46,-2,23,-50,-45,18
26/11/2020,Brent,E09000005,-45,-4,72,-44,-44,17
26/11/2020,Bromley,E09000006,-46,-9,18,-53,-51,21
26/11/2020,Camden,E09000007,-80,-38,-10,-73,-61,25
26/11/2020,Croydon,E09000008,-50,-1,40,-52,-42,19
26/11/2020,Ealing,E09000009,-41,-6,46,-50,-45,19
26/11/2020,Enfield,E09000010,-39,-3,23,-44,-41,16
26/11/2020,Hackney,E09000012,-60,-6,34,-54,-55,22
26/11/2020,Hammersmith and Fulham,E09000013,-67,-23,13,-57,-60,24
26/11/2020,Haringey,E09000014,-47,-12,33,-51,-52,20
26/11/2020,Harrow,E09000015,-48,-9,53,-48,-41,18
26/11/2020,Havering,E09000016,-48,-4,2,-45,-43,18
26/11/2020,Hillingdon,E09000017,-44,-2,63,-69,-42,18
26/11/2020,Hounslow,E09000018,-40,-8,38,-45,-43,17
26/11/2020,Islington,E09000019,-73,-18,24,-68,-64,28
26/11/2020,Lambeth,E09000022,-62,-13,3,-64,-55,24
26/11/2020,Lewisham,E09000023,-44,1,51,-50,-55,22
26/11/2020,Merton,E09000024,-52,-12,8,-53,-51,21
26/11/2020,Newham,E09000025,-56,-12,125,-54,-46,17
26/11/2020,Redbridge,E09000026,-38,-13,7,-51,-46,17
26/11/2020,Richmond upon Thames,E09000027,-48,-8,51,-53,-58,23
26/11/2020,Southwark,E09000028,-62,-17,-19,-63,-54,24
26/11/2020,Sutton,E09000029,-42,-7,39,-55,-49,19
26/11/2020,Tower Hamlets,E09000030,-64,-22,-28,-67,-63,26
26/11/2020,Waltham Forest,E09000031,-36,-1,30,-50,-49,19
26/11/2020,Wandsworth,E09000032,-55,-10,24,-54,-57,27
26/11/2020,Greenwich,E09000011,-49,-5,5,-47,-53,20
26/11/2020,Kensington and Chelsea,E09000020,-71,-8,-11,-61,-57,23
26/11/2020,Kingston upon Thames,E09000021,-59,-16,NA,-48,-52,22
27/11/2020,City of London,E09000001,-91,-74,-87,-79,-67,NA
27/11/2020,Westminster,E09000033,-85,-49,-62,-74,-61,25
27/11/2020,Barking and Dagenham,E09000002,-38,4,20,-35,-34,14
27/11/2020,Barnet,E09000003,-46,-11,36,-49,-47,20
27/11/2020,Bexley,E09000004,-46,1,32,-48,-45,18
27/11/2020,Brent,E09000005,-48,-2,51,-42,-44,18
27/11/2020,Bromley,E09000006,-49,-2,16,-48,-51,21
27/11/2020,Camden,E09000007,-80,-36,-12,-72,-60,26
27/11/2020,Croydon,E09000008,-52,1,31,-50,-42,18
27/11/2020,Ealing,E09000009,-41,-8,21,-50,-44,19
27/11/2020,Enfield,E09000010,-39,-2,-10,-43,-39,17
27/11/2020,Hackney,E09000012,-63,-2,24,-53,-54,22
27/11/2020,Hammersmith and Fulham,E09000013,-68,-23,2,-57,-58,25
27/11/2020,Haringey,E09000014,-47,-9,21,-51,-52,21
27/11/2020,Harrow,E09000015,-50,-2,44,-46,-42,18
27/11/2020,Havering,E09000016,-48,-6,-4,-43,-44,18
27/11/2020,Hillingdon,E09000017,-46,-2,39,-68,-41,18
27/11/2020,Hounslow,E09000018,-38,-6,27,-43,-44,17
27/11/2020,Islington,E09000019,-74,-16,19,-66,-63,28
27/11/2020,Lambeth,E09000022,-62,-6,-3,-62,-55,25
27/11/2020,Lewisham,E09000023,-42,3,45,-47,-53,23
27/11/2020,Merton,E09000024,-52,-2,4,-49,-49,21
27/11/2020,Newham,E09000025,-54,-10,113,-48,-45,18
27/11/2020,Redbridge,E09000026,-39,-8,-6,-48,-46,18
27/11/2020,Richmond upon Thames,E09000027,-53,-6,31,-54,-57,23
27/11/2020,Southwark,E09000028,-62,-11,-23,-59,-54,24
27/11/2020,Sutton,E09000029,-43,-6,29,-52,-48,19
27/11/2020,Tower Hamlets,E09000030,-63,-17,-36,-66,-62,26
27/11/2020,Waltham Forest,E09000031,-39,-1,16,-51,-48,20
27/11/2020,Wandsworth,E09000032,-56,-5,26,-51,-55,26
27/11/2020,Greenwich,E09000011,-52,-4,-1,-43,-50,20
27/11/2020,Kensington and Chelsea,E09000020,-73,-13,-17,-61,-56,23
27/11/2020,Kingston upon Thames,E09000021,-57,-11,68,-47,-50,22
28/11/2020,City of London,E09000001,-87,-58,-78,-71,NA,NA
28/11/2020,Westminster,E09000033,-83,-47,-52,-72,-40,15
28/11/2020,Barking and Dagenham,E09000002,-42,-5,14,-36,-25,11
28/11/2020,Barnet,E09000003,-53,-14,24,-49,-33,13
28/11/2020,Bexley,E09000004,-52,-6,23,-52,-24,12
28/11/2020,Brent,E09000005,-56,-7,41,-46,-33,12
28/11/2020,Bromley,E09000006,-54,-8,10,-49,-24,13
28/11/2020,Camden,E09000007,-79,-38,-10,-72,-31,15
28/11/2020,Croydon,E09000008,-58,-4,50,-54,-24,12
28/11/2020,Ealing,E09000009,-48,-11,34,-50,-31,13
28/11/2020,Enfield,E09000010,-46,-9,-4,-46,-25,12
28/11/2020,Hackney,E09000012,-66,-6,28,-55,-34,13
28/11/2020,Hammersmith and Fulham,E09000013,-76,-27,17,-62,-39,15
28/11/2020,Haringey,E09000014,-54,-16,17,-52,-42,13
28/11/2020,Harrow,E09000015,-55,-8,53,-45,-21,12
28/11/2020,Havering,E09000016,-56,-13,7,-43,-27,13
28/11/2020,Hillingdon,E09000017,-50,-9,56,-70,-23,12
28/11/2020,Hounslow,E09000018,-45,-4,10,-45,-28,12
28/11/2020,Islington,E09000019,-73,-6,37,-61,-29,14
28/11/2020,Lambeth,E09000022,-62,-7,-15,-57,-30,14
28/11/2020,Lewisham,E09000023,-49,-4,34,-48,-33,14
28/11/2020,Merton,E09000024,-55,-11,14,-53,-31,13
28/11/2020,Newham,E09000025,-62,-16,69,-50,-31,12
28/11/2020,Redbridge,E09000026,-44,-11,-14,-49,-27,12
28/11/2020,Richmond upon Thames,E09000027,-55,-6,16,-51,-36,15
28/11/2020,Southwark,E09000028,-62,-14,-15,-56,-33,13
28/11/2020,Sutton,E09000029,-48,-9,24,-55,-31,13
28/11/2020,Tower Hamlets,E09000030,-59,-20,-29,-63,-35,14
28/11/2020,Waltham Forest,E09000031,-45,-1,6,-51,-33,13
28/11/2020,Wandsworth,E09000032,-60,-8,30,-54,-30,15
28/11/2020,Greenwich,E09000011,-60,-8,-17,-45,-33,13
28/11/2020,Kensington and Chelsea,E09000020,-77,-12,-25,-69,-35,14
28/11/2020,Kingston upon Thames,E09000021,-64,-15,47,-50,-28,14
29/11/2020,City of London,E09000001,-85,-66,-79,-72,NA,NA
29/11/2020,Westminster,E09000033,-80,-47,-55,-74,-42,12
29/11/2020,Barking and Dagenham,E09000002,-45,-11,13,-40,-30,9
29/11/2020,Barnet,E09000003,-56,-20,31,-51,-34,11
29/11/2020,Bexley,E09000004,-55,-13,3,-45,-29,10
29/11/2020,Brent,E09000005,-58,-9,35,-48,-35,10
29/11/2020,Bromley,E09000006,-56,-16,14,-49,-27,11
29/11/2020,Camden,E09000007,-77,-41,1,-74,-36,12
29/11/2020,Croydon,E09000008,-61,-13,30,-56,-25,10
29/11/2020,Ealing,E09000009,-51,-12,20,-53,-34,11
29/11/2020,Enfield,E09000010,-51,-13,-5,-43,-29,10
29/11/2020,Hackney,E09000012,-64,-16,16,-56,-31,11
29/11/2020,Hammersmith and Fulham,E09000013,-74,-33,19,-64,-40,12
29/11/2020,Haringey,E09000014,-58,-24,9,-53,-43,11
29/11/2020,Harrow,E09000015,-56,-15,38,-43,-21,10
29/11/2020,Havering,E09000016,-57,-16,20,-43,-27,10
29/11/2020,Hillingdon,E09000017,-51,-15,50,-70,-28,10
29/11/2020,Hounslow,E09000018,-47,-20,10,-48,-32,10
29/11/2020,Islington,E09000019,-72,-16,37,-66,-31,12
29/11/2020,Lambeth,E09000022,-64,-17,-7,-61,-32,12
29/11/2020,Lewisham,E09000023,-53,-12,36,-51,-33,11
29/11/2020,Merton,E09000024,-58,-20,18,-55,-32,10
29/11/2020,Newham,E09000025,-61,-22,76,-48,-32,10
29/11/2020,Redbridge,E09000026,-49,-15,-6,-50,-29,10
29/11/2020,Richmond upon Thames,E09000027,-55,-13,29,-55,-42,11
29/11/2020,Southwark,E09000028,-62,-17,-6,-59,-36,11
29/11/2020,Sutton,E09000029,-49,-15,26,-55,-35,10
29/11/2020,Tower Hamlets,E09000030,-61,-35,-22,-64,-35,12
29/11/2020,Waltham Forest,E09000031,-47,-6,30,-51,-38,10
29/11/2020,Wandsworth,E09000032,-60,-26,31,-57,-29,12
29/11/2020,Greenwich,E09000011,-62,-15,-2,-49,-36,11
29/11/2020,Kensington and Chelsea,E09000020,-79,-16,-11,-69,-36,12
29/11/2020,Kingston upon Thames,E09000021,-65,-20,63,-43,-36,11
30/11/2020,City of London,E09000001,-89,-75,-87,-80,-64,NA
30/11/2020,Westminster,E09000033,-81,-47,-56,-73,-62,23
30/11/2020,Barking and Dagenham,E09000002,-31,-5,13,-37,-36,13
30/11/2020,Barnet,E09000003,-43,-13,21,-48,-47,19
30/11/2020,Bexley,E09000004,-39,-4,6,-48,-45,17
30/11/2020,Brent,E09000005,-43,-6,59,-44,-43,16
30/11/2020,Bromley,E09000006,-43,-7,2,-50,-50,20
30/11/2020,Camden,E09000007,-77,-42,-6,-71,-61,24
30/11/2020,Croydon,E09000008,-46,-5,31,-48,-40,17
30/11/2020,Ealing,E09000009,-37,-10,25,-45,-43,17
30/11/2020,Enfield,E09000010,-34,-7,-2,-42,-40,15
30/11/2020,Hackney,E09000012,-55,-12,31,-55,-54,21
30/11/2020,Hammersmith and Fulham,E09000013,-64,-28,2,-54,-58,23
30/11/2020,Haringey,E09000014,-45,-17,12,-50,-51,19
30/11/2020,Harrow,E09000015,-41,-8,34,-46,-41,17
30/11/2020,Havering,E09000016,-41,-8,-11,-43,-42,16
30/11/2020,Hillingdon,E09000017,-40,-5,34,-69,-40,16
30/11/2020,Hounslow,E09000018,-35,-7,18,-43,-43,16
30/11/2020,Islington,E09000019,-70,-24,6,-64,-64,26
30/11/2020,Lambeth,E09000022,-56,-17,-3,-62,-52,22
30/11/2020,Lewisham,E09000023,-39,-6,31,-49,-52,20
30/11/2020,Merton,E09000024,-51,-11,4,-48,-50,19
30/11/2020,Newham,E09000025,-50,-13,116,-45,-46,16
30/11/2020,Redbridge,E09000026,-37,-11,-13,-49,-46,17
30/11/2020,Richmond upon Thames,E09000027,-51,-10,12,-54,-58,22
30/11/2020,Southwark,E09000028,-57,-17,-18,-61,-55,22
30/11/2020,Sutton,E09000029,-37,-5,37,-54,-49,18
30/11/2020,Tower Hamlets,E09000030,-59,-22,-30,-65,-62,24
30/11/2020,Waltham Forest,E09000031,-32,-2,19,-47,-48,17
30/11/2020,Wandsworth,E09000032,-53,-14,18,-54,-57,24
30/11/2020,Greenwich,E09000011,-45,-9,-8,-43,-51,19
30/11/2020,Kensington and Chelsea,E09000020,-69,-12,-16,-60,-56,21
30/11/2020,Kingston upon Thames,E09000021,-55,-16,NA,-49,-51,21
01/12/2020,City of London,E09000001,-89,-72,-84,-79,-66,NA
01/12/2020,Westminster,E09000033,-81,-44,-50,-71,-60,23
01/12/2020,Barking and Dagenham,E09000002,-34,-8,22,-34,-35,13
01/12/2020,Barnet,E09000003,-41,-12,52,-47,-46,19
01/12/2020,Bexley,E09000004,-40,-2,32,-50,-45,17
01/12/2020,Brent,E09000005,-43,-4,67,-42,-41,15
01/12/2020,Bromley,E09000006,-43,-3,13,-50,-49,20
01/12/2020,Camden,E09000007,-77,-36,-5,-71,-60,24
01/12/2020,Croydon,E09000008,-46,0,41,-51,-41,17
01/12/2020,Ealing,E09000009,-37,-10,44,-47,-42,17
01/12/2020,Enfield,E09000010,-37,-7,8,-42,-38,15
01/12/2020,Hackney,E09000012,-56,-8,38,-53,-53,21
01/12/2020,Hammersmith and Fulham,E09000013,-64,-23,4,-53,-57,22
01/12/2020,Haringey,E09000014,-43,-10,35,-49,-51,19
01/12/2020,Harrow,E09000015,-43,-7,52,-44,-38,17
01/12/2020,Havering,E09000016,-44,-5,-2,-43,-42,16
01/12/2020,Hillingdon,E09000017,-40,-4,50,-67,-39,16
01/12/2020,Hounslow,E09000018,-36,-7,44,-44,-41,16
01/12/2020,Islington,E09000019,-70,-20,26,-67,-63,26
01/12/2020,Lambeth,E09000022,-58,-12,5,-62,-51,23
01/12/2020,Lewisham,E09000023,-40,1,57,-47,-51,20
01/12/2020,Merton,E09000024,-50,-12,20,-47,-49,20
01/12/2020,Newham,E09000025,-50,-12,119,-46,-44,16
01/12/2020,Redbridge,E09000026,-36,-3,3,-48,-45,16
01/12/2020,Richmond upon Thames,E09000027,-49,-5,38,-53,-57,22
01/12/2020,Southwark,E09000028,-58,-14,-15,-60,-54,22
01/12/2020,Sutton,E09000029,-39,-6,48,-53,-48,18
01/12/2020,Tower Hamlets,E09000030,-62,-18,-26,-64,-61,24
01/12/2020,Waltham Forest,E09000031,-37,-3,22,-48,-48,18
01/12/2020,Wandsworth,E09000032,-51,-10,30,-52,-56,25
01/12/2020,Greenwich,E09000011,-46,-7,4,-44,-50,19
01/12/2020,Kensington and Chelsea,E09000020,-67,-8,-6,-58,-56,21
01/12/2020,Kingston upon Thames,E09000021,-54,-16,NA,-49,-51,21
02/12/2020,City of London,E09000001,-85,-64,-83,-76,-61,NA
02/12/2020,Westminster,E09000033,-69,-31,-55,-67,-55,19
02/12/2020,Barking and Dagenham,E09000002,-20,-2,8,-34,-30,11
02/12/2020,Barnet,E09000003,-17,-8,13,-41,-41,16
02/12/2020,Bexley,E09000004,-20,-2,22,-44,-40,15
02/12/2020,Brent,E09000005,-21,-5,40,-36,-38,13
02/12/2020,Bromley,E09000006,-15,1,11,-45,-44,18
02/12/2020,Camden,E09000007,-68,-35,-14,-66,-54,21
02/12/2020,Croydon,E09000008,-19,-4,21,-47,-34,15
02/12/2020,Ealing,E09000009,-18,-8,16,-43,-39,15
02/12/2020,Enfield,E09000010,-21,-8,-9,-38,-33,13
02/12/2020,Hackney,E09000012,-40,-5,25,-48,-48,18
02/12/2020,Hammersmith and Fulham,E09000013,-42,-22,2,-49,-52,19
02/12/2020,Haringey,E09000014,-25,-13,3,-49,-44,16
02/12/2020,Harrow,E09000015,-20,-2,24,-40,-36,15
02/12/2020,Havering,E09000016,-19,-2,-8,-37,-37,14
02/12/2020,Hillingdon,E09000017,-22,-8,37,-65,-33,14
02/12/2020,Hounslow,E09000018,-21,-10,12,-40,-34,14
02/12/2020,Islington,E09000019,-60,-24,14,-63,-58,23
02/12/2020,Lambeth,E09000022,-44,-13,-6,-62,-47,20
02/12/2020,Lewisham,E09000023,-18,2,31,-43,-45,18
02/12/2020,Merton,E09000024,-33,-14,4,-45,-44,17
02/12/2020,Newham,E09000025,-35,-12,108,-43,-37,14
02/12/2020,Redbridge,E09000026,-22,-8,-10,-43,-40,14
02/12/2020,Richmond upon Thames,E09000027,-36,-5,7,-52,-51,20
02/12/2020,Southwark,E09000028,-48,-16,-24,-56,-49,19
02/12/2020,Sutton,E09000029,-10,-1,31,-49,-43,16
02/12/2020,Tower Hamlets,E09000030,-57,-21,-36,-60,-54,22
02/12/2020,Waltham Forest,E09000031,-15,-1,6,-46,-40,15
02/12/2020,Wandsworth,E09000032,-29,-11,13,-49,-49,22
02/12/2020,Greenwich,E09000011,-23,-2,-12,-40,-44,16
02/12/2020,Kensington and Chelsea,E09000020,-57,-10,-16,-56,-48,18
02/12/2020,Kingston upon Thames,E09000021,-26,-10,NA,-44,-44,18